City_ID,City,Country,Date,Lat,Lng,Max Temp,Humidity,Cloudiness,Wind Speed
0,Hobart,AU,2022-01-22 16:27:47,-42.8794,147.3294,62.28,86,90,4.61
1,Puerto Ayora,EC,2022-01-22 16:31:14,-0.7393,-90.3518,78.76,75,97,7.23
2,Rikitea,PF,2022-01-22 16:32:27,-23.1203,-134.9692,77.92,70,100,10.65
3,Kruisfontein,ZA,2022-01-22 16:32:28,-34.0033,24.7314,80.89,60,18,20.29
4,Severo-Kurilsk,RU,2022-01-22 16:32:15,50.6789,156.125,27.19,76,99,13.67
5,Ballater,GB,2022-01-22 16:32:28,57.0493,-3.0402,48.0,86,68,5.84
6,Killybegs,IE,2022-01-22 16:32:29,54.6333,-8.45,47.91,84,80,10.42
7,Pyay,MM,2022-01-22 16:32:29,18.8167,95.2167,64.2,55,9,1.97
8,Albany,US,2022-01-22 16:30:02,42.6001,-73.9662,22.48,62,3,1.01
9,Khatanga,RU,2022-01-22 16:32:30,71.9667,102.5,12.7,93,100,14.32
10,Kununurra,AU,2022-01-22 16:32:30,-15.7667,128.7333,80.58,94,40,0.0
11,Vaini,TO,2022-01-22 16:32:30,-21.2,-175.2,77.16,94,40,3.44
12,Mahebourg,MU,2022-01-22 16:32:31,-20.4081,57.7,82.26,89,40,11.5
13,Atuona,PF,2022-01-22 16:32:31,-9.8,-139.0333,78.44,78,78,21.52
14,Barrow,US,2022-01-22 16:32:31,71.2906,-156.7887,-11.18,70,100,24.16
15,Bredasdorp,ZA,2022-01-22 16:32:32,-34.5322,20.0403,92.28,78,44,14.97
16,Faratsiho,MG,2022-01-22 16:32:32,-19.4,46.95,60.98,98,100,6.29
17,Thompson,CA,2022-01-22 16:32:32,55.7435,-97.8558,-21.84,69,0,6.91
18,Klaksvik,FO,2022-01-22 16:32:33,62.2266,-6.589,47.32,84,100,37.96
19,Whitianga,NZ,2022-01-22 16:32:33,-36.8333,175.7,62.02,83,6,1.21
20,Jamestown,US,2022-01-22 16:32:34,42.097,-79.2353,17.51,43,0,7.0
21,San Juan,AR,2022-01-22 16:32:34,-31.5375,-68.5364,90.37,39,43,9.73
22,Maldonado,UY,2022-01-22 16:32:35,-34.6667,-54.9167,78.19,54,17,5.79
23,Talnakh,RU,2022-01-22 16:32:35,69.4865,88.3972,15.21,94,100,14.76
24,Baruun-Urt,MN,2022-01-22 16:32:35,46.6806,113.2792,-3.66,99,50,3.02
25,Rocha,UY,2022-01-22 16:32:26,-34.4833,-54.3333,93.81,52,28,6.64
26,Clyde River,CA,2022-01-22 16:28:44,70.4692,-68.5914,-19.97,76,75,11.5
27,Gusau,NG,2022-01-22 16:32:36,12.1628,6.6614,80.53,13,10,10.02
28,Yinchuan,CN,2022-01-22 16:32:37,38.4681,106.2731,29.62,49,100,0.22
29,Pangnirtung,CA,2022-01-22 16:32:37,66.1451,-65.7125,-0.4,78,100,13.8
30,Avarua,CK,2022-01-22 16:32:38,-21.2078,-159.775,78.85,89,75,17.27
31,Rypefjord,NO,2022-01-22 16:32:38,70.6333,23.6667,36.07,69,100,9.22
32,Qaanaaq,GL,2022-01-22 16:32:38,77.484,-69.3632,-3.12,98,100,1.97
33,Busselton,AU,2022-01-22 16:32:39,-33.65,115.3333,76.08,60,11,10.16
34,Port Lincoln,AU,2022-01-22 16:30:29,-34.7333,135.8667,67.86,98,40,6.42
35,Punta Arenas,CL,2022-01-22 16:31:29,-53.15,-70.9167,50.11,71,75,4.61
36,Ushuaia,AR,2022-01-22 16:28:22,-54.8,-68.3,47.86,87,75,20.71
37,Bluff,NZ,2022-01-22 16:32:39,-46.6,168.3333,54.81,68,34,16.69
38,Arraial Do Cabo,BR,2022-01-22 16:32:16,-22.9661,-42.0278,85.96,69,0,19.57
39,Mar Del Plata,AR,2022-01-22 16:32:07,-38.0023,-57.5575,75.09,100,100,14.0
40,Xining,CN,2022-01-22 16:32:40,36.6167,101.7667,23.61,90,65,0.56
41,Ewo,CG,2022-01-22 16:32:40,-0.8725,14.8206,85.78,47,90,2.93
42,Airai,TL,2022-01-22 16:32:41,-8.9266,125.4092,59.54,82,75,2.1
43,Hermanus,ZA,2022-01-22 16:32:41,-34.4187,19.2345,92.8,54,31,12.12
44,Kaitangata,NZ,2022-01-22 16:32:41,-46.2817,169.8464,55.92,64,17,7.09
45,Bognor Regis,GB,2022-01-22 16:30:31,50.7821,-0.6798,43.14,85,9,5.68
46,Cidreira,BR,2022-01-22 16:32:42,-30.1811,-50.2056,82.42,71,7,13.58
47,Mataura,NZ,2022-01-22 16:33:42,-46.1927,168.8643,54.48,84,43,5.23
48,Nome,US,2022-01-22 16:33:43,64.5011,-165.4064,22.15,93,100,12.66
49,Malm,NO,2022-01-22 16:33:43,64.0721,11.2172,45.79,83,100,20.33
50,Souillac,MU,2022-01-22 16:33:44,-20.5167,57.5167,82.36,89,40,11.5
51,Saint-Philippe,RE,2022-01-22 16:33:44,-21.3585,55.7679,83.79,87,44,16.8
52,Leningradskiy,RU,2022-01-22 16:29:15,69.3833,178.4167,-19.37,95,100,10.65
53,Tasiilaq,GL,2022-01-22 16:33:44,65.6145,-37.6368,12.36,46,32,13.53
54,Provideniya,RU,2022-01-22 16:33:45,64.3833,-173.3,6.42,93,100,14.65
55,East London,ZA,2022-01-22 16:30:14,-33.0153,27.9116,76.14,78,20,18.41
56,Kavieng,PG,2022-01-22 16:33:45,-2.5744,150.7967,81.84,74,96,4.59
57,Kieta,PG,2022-01-22 16:33:46,-6.2167,155.6333,79.77,86,63,8.01
58,Port Elizabeth,ZA,2022-01-22 16:33:46,-33.918,25.5701,83.1,78,0,25.32
59,San Javier,ES,2022-01-22 16:33:46,37.8063,-0.8374,52.81,84,100,5.01
60,Taltal,CL,2022-01-22 16:33:47,-25.4,-70.4833,70.5,70,23,9.33
61,Cape Town,ZA,2022-01-22 16:30:23,-33.9258,18.4232,92.88,44,20,3.0
62,Katsuura,JP,2022-01-22 16:33:47,35.1333,140.3,43.2,65,78,4.09
63,Sao Joao Da Barra,BR,2022-01-22 16:33:48,-21.6403,-41.0511,87.89,70,2,9.13
64,Torbay,CA,2022-01-22 16:33:48,47.6666,-52.7314,22.48,77,59,3.0
65,Tambacounda,SN,2022-01-22 16:33:48,13.7539,-13.7586,100.45,13,0,14.97
66,Peniche,PT,2022-01-22 16:33:49,39.3558,-9.3811,61.74,56,46,10.76
67,Fortuna,US,2022-01-22 16:33:49,40.5982,-124.1573,53.94,93,0,6.91
68,Nikolskoye,RU,2022-01-22 16:33:49,59.7035,30.7861,24.69,99,92,3.11
69,Dunedin,NZ,2022-01-22 16:33:50,-45.8742,170.5036,57.79,71,58,8.99
70,San Patricio,US,2022-01-22 16:33:50,28.017,-97.5169,48.16,44,64,13.49
71,Kapaa,US,2022-01-22 16:33:51,22.0752,-159.319,71.92,83,75,16.11
72,Sitka,US,2022-01-22 16:33:51,57.0531,-135.33,46.29,76,100,16.11
73,Hithadhoo,MV,2022-01-22 16:33:51,-0.6,73.0833,82.85,70,49,14.83
74,Totskoye,RU,2022-01-22 16:33:52,52.5248,52.7623,8.01,90,100,5.97
75,Port Macquarie,AU,2022-01-22 16:29:37,-31.4333,152.9167,64.89,100,75,6.91
76,Savannakhet,LA,2022-01-22 16:33:52,16.566,104.751,72.23,72,80,5.5
77,Conchas,BR,2022-01-22 16:33:53,-23.0153,-48.0106,87.94,40,0,2.33
78,Sakaiminato,JP,2022-01-22 16:33:53,35.55,133.2333,31.98,93,75,6.91
79,Port Alfred,ZA,2022-01-22 16:33:53,-33.5906,26.891,75.45,73,0,30.62
80,Fasa,IR,2022-01-22 16:33:54,28.9383,53.6482,40.24,65,0,0.0
81,Lata,PT,2022-01-22 16:33:54,40.1629,-8.3327,58.06,56,0,3.91
82,Juba,SS,2022-01-22 16:33:54,4.8517,31.5825,84.79,27,98,2.13
83,Los Llanos De Aridane,ES,2022-01-22 16:33:55,28.6585,-17.9182,67.75,82,20,8.01
84,Chokurdakh,RU,2022-01-22 16:33:55,70.6333,147.9167,-18.06,96,100,6.73
85,Danilov,RU,2022-01-22 16:33:56,58.1908,40.1717,13.21,96,97,6.46
86,Hilo,US,2022-01-22 16:33:56,19.7297,-155.09,67.24,85,40,5.75
87,Faanui,PF,2022-01-22 16:33:56,-16.4833,-151.75,80.19,78,100,14.88
88,Lebu,CL,2022-01-22 16:33:57,-37.6167,-73.65,60.93,80,86,8.81
89,Grindavik,IS,2022-01-22 16:33:57,63.8424,-22.4338,36.07,64,75,34.52
90,Petatlan,MX,2022-01-22 16:33:57,17.5167,-101.2667,80.4,45,9,3.24
91,Codrington,AU,2022-01-22 16:33:58,-38.2667,141.9667,69.15,52,69,9.86
92,Beringovskiy,RU,2022-01-22 16:34:58,63.05,179.3167,-4.54,96,100,13.82
93,Antofagasta,CL,2022-01-22 16:34:59,-23.65,-70.4,69.22,64,30,11.36
94,Deer Lake,CA,2022-01-22 16:34:59,49.1667,-57.4316,22.86,63,100,10.36
95,Ilulissat,GL,2022-01-22 16:34:59,69.2167,-51.1,3.22,60,40,18.41
96,Bengkulu,ID,2022-01-22 16:35:00,-3.8004,102.2655,75.11,94,100,4.97
97,Bandrele,YT,2022-01-22 16:35:00,-12.9067,45.1914,82.15,78,75,17.27
98,Avesta,SE,2022-01-22 16:35:01,60.1455,16.1679,28.13,75,98,6.44
99,Cayenne,GF,2022-01-22 16:35:01,4.9333,-52.3333,82.44,86,75,5.01
100,Pisco,PE,2022-01-22 16:35:01,-13.7,-76.2167,73.45,68,0,8.05
101,Cascais,PT,2022-01-22 16:35:02,38.6979,-9.4215,61.61,50,0,7.0
102,Omsukchan,RU,2022-01-22 16:35:02,62.5333,155.8,-35.61,99,30,5.03
103,Jumla,NP,2022-01-22 16:35:03,29.2747,82.1838,35.6,96,100,4.32
104,West Bay,KY,2022-01-22 16:35:03,19.3667,-81.4167,82.47,80,75,1.99
105,Chapada Dos Guimaraes,BR,2022-01-22 16:35:04,-15.4606,-55.7497,82.06,45,12,2.82
106,Mackay,AU,2022-01-22 16:30:18,-21.15,149.2,80.58,69,100,19.57
107,Kalabo,ZM,2022-01-22 16:35:04,-14.97,22.6814,71.8,63,78,3.69
108,Avera,US,2022-01-22 16:35:04,33.194,-82.5271,36.28,85,31,7.61
109,Tessalit,ML,2022-01-22 16:35:05,20.1986,1.0114,73.04,11,11,12.66
110,Padang,ID,2022-01-22 16:35:05,-0.9492,100.3543,77.22,89,99,4.25
111,Cobija,BO,2022-01-22 16:35:06,-11.0267,-68.7692,82.58,78,75,6.91
112,Villa Corzo,MX,2022-01-22 16:35:06,16.1667,-93.25,72.39,56,57,6.04
113,Yellowknife,CA,2022-01-22 16:30:08,62.456,-114.3525,-32.28,75,75,4.61
114,Flin Flon,CA,2022-01-22 16:35:06,54.7682,-101.865,-20.36,69,0,6.91
115,Bathsheba,BB,2022-01-22 16:35:07,13.2167,-59.5167,84.81,51,20,20.71
116,Gweru,ZW,2022-01-22 16:35:07,-19.45,29.8167,61.36,66,36,6.53
117,Lompoc,US,2022-01-22 16:35:08,34.6391,-120.4579,63.09,80,0,5.75
118,Hasaki,JP,2022-01-22 16:35:08,35.7333,140.8333,34.29,49,99,4.9
119,Mount Isa,AU,2022-01-22 16:35:08,-20.7333,139.5,74.97,100,100,0.0
120,Haines Junction,CA,2022-01-22 16:35:09,60.7522,-137.5108,33.75,86,55,6.91
121,Kerman,IR,2022-01-22 16:35:09,30.2832,57.0788,33.66,32,0,4.61
122,Vao,NC,2022-01-22 16:35:10,-22.6667,167.4833,77.76,84,61,4.18
123,Carnarvon,AU,2022-01-22 16:35:10,-24.8667,113.6333,87.87,40,33,18.41
124,Lagoa,PT,2022-01-22 16:35:10,39.05,-27.9833,57.72,73,96,11.39
125,Ternate,ID,2022-01-22 16:35:11,0.8,127.4,79.34,83,98,6.62
126,Murashi,RU,2022-01-22 16:35:11,59.3999,48.9615,14.18,94,99,6.69
127,Cosamaloapan,MX,2022-01-22 16:35:11,18.3667,-95.8,68.41,73,97,7.2
128,Vitim,RU,2022-01-22 16:35:12,59.4511,112.5578,-9.67,100,94,3.4
129,Anage,BR,2022-01-22 16:35:12,-14.6122,-41.1356,85.48,56,72,2.75
130,Havoysund,NO,2022-01-22 16:35:13,70.9963,24.6622,36.48,76,100,15.95
131,Butaritari,KI,2022-01-22 16:35:13,3.0707,172.7902,80.44,78,83,13.78
132,Ponta Do Sol,PT,2022-01-22 16:35:14,32.6667,-17.1,69.71,77,30,6.22
133,San Quintin,MX,2022-01-22 16:35:14,30.4833,-115.95,59.11,72,0,4.23
134,Chuy,UY,2022-01-22 16:35:14,-33.6971,-53.4616,91.42,53,12,10.76
135,Norman Wells,CA,2022-01-22 16:35:15,65.282,-126.8329,-2.16,65,40,16.11
136,Imbituba,BR,2022-01-22 16:35:15,-28.24,-48.6703,95.83,56,0,19.98
137,Fort Nelson,CA,2022-01-22 16:36:15,58.8053,-122.7002,6.39,85,75,2.3
138,Constanza,DE,2022-01-22 16:36:16,47.6603,9.1758,37.83,71,40,1.99
139,Moratuwa,LK,2022-01-22 16:36:16,6.773,79.8816,78.82,76,54,3.09
140,Jiayuguan,CN,2022-01-22 16:36:17,39.8167,98.3,23.23,50,0,3.51
141,Ribeira Grande,PT,2022-01-22 16:36:17,38.5167,-28.7,64.8,63,20,13.8
142,Santo Angelo,BR,2022-01-22 16:36:18,-28.2992,-54.2631,100.72,34,0,12.66
143,Labuhan,ID,2022-01-22 16:36:18,-6.8844,112.2051,77.88,87,100,9.95
144,Trinidad,BO,2022-01-22 16:36:19,-14.8333,-64.9,84.18,74,40,8.05
145,Acapulco,MX,2022-01-22 16:33:52,16.8634,-99.8901,78.62,69,0,2.3
146,Ostrovnoy,RU,2022-01-22 16:36:19,68.0531,39.5131,11.71,89,19,12.24
147,Vestmannaeyjar,IS,2022-01-22 16:36:20,63.4427,-20.2734,40.19,65,20,29.93
148,Geraldton,AU,2022-01-22 16:36:20,-28.7667,114.6,81.12,65,0,10.36
149,Gamba,GA,2022-01-22 16:36:20,-2.65,10.0,78.96,83,73,10.22
150,Colac,AU,2022-01-22 16:36:21,-38.3333,143.5833,69.62,62,2,5.41
151,Sao Filipe,CV,2022-01-22 16:36:21,14.8961,-24.4956,75.02,72,52,8.79
152,Northam,GB,2022-01-22 16:36:21,51.0333,-4.2167,45.01,86,39,5.53
153,Yatou,CN,2022-01-22 16:36:22,37.15,122.3833,33.94,85,100,9.22
154,Paka,MY,2022-01-22 16:36:22,4.6374,103.4368,73.33,94,6,0.0
155,Waipawa,NZ,2022-01-22 16:36:22,-41.4122,175.5153,61.45,80,2,3.11
156,Bichena,ET,2022-01-22 16:36:23,10.45,38.2,60.69,25,74,1.59
157,Faya,SA,2022-01-22 16:36:23,18.3851,42.4509,55.51,66,7,6.46
158,Ilabaya,PE,2022-01-22 16:36:24,-17.4208,-70.5133,75.2,59,40,10.94
159,Salalah,OM,2022-01-22 16:36:24,17.0151,54.0924,73.49,5,3,8.05
160,Macapa,BR,2022-01-22 16:31:28,0.0389,-51.0664,93.18,62,75,9.22
161,Ciudad Bolivar,VE,2022-01-22 16:36:25,8.1222,-63.5497,88.63,45,99,11.18
162,Dikson,RU,2022-01-22 16:33:07,73.5069,80.5464,2.26,99,98,2.82
163,Houma,US,2022-01-22 16:36:25,29.5958,-90.7195,39.99,68,0,14.97
164,Taldan,RU,2022-01-22 16:36:25,53.6667,124.8,-10.73,97,8,3.91
165,Dingle,PH,2022-01-22 16:36:26,10.9995,122.6711,73.83,92,78,6.64
166,Ambulu,ID,2022-01-22 16:36:26,-8.345,113.6058,76.42,91,100,1.9
167,Saldanha,ZA,2022-01-22 16:36:27,-33.0117,17.9442,95.05,58,28,11.43
168,Puerto Escondido,MX,2022-01-22 16:36:27,15.85,-97.0667,83.23,69,0,6.91
169,Adrar,MR,2022-01-22 16:36:28,20.5022,-10.0711,79.72,11,98,15.7
170,Guanica,PR,2022-01-22 16:36:28,17.9716,-66.908,84.51,65,5,8.01
171,Longyearbyen,SJ,2022-01-22 16:36:28,78.2186,15.6401,31.84,69,75,19.57
172,Agropoli,IT,2022-01-22 16:36:29,40.3469,14.9966,50.27,58,0,4.09
173,Kidal,ML,2022-01-22 16:36:29,18.4411,1.4078,75.81,10,39,10.94
174,Chicama,PE,2022-01-22 16:36:29,-7.8447,-79.1469,64.94,58,19,10.25
175,Whitehorse,CA,2022-01-22 16:36:30,60.7161,-135.0538,38.17,70,40,21.85
176,Ondjiva,AO,2022-01-22 16:36:30,-17.0667,15.7333,78.96,47,100,7.94
177,Esperance,AU,2022-01-22 16:36:31,-33.8667,121.9,64.24,93,21,8.41
178,Vanimo,PG,2022-01-22 16:36:31,-2.6741,141.3028,78.01,89,87,5.17
179,Saint George,US,2022-01-22 16:36:31,37.1041,-113.5841,48.67,49,0,1.01
180,Iqaluit,CA,2022-01-22 16:36:32,63.7506,-68.5145,6.53,78,75,18.41
181,Saskylakh,RU,2022-01-22 16:36:32,71.9167,114.0833,4.53,97,96,5.3
182,Sampit,ID,2022-01-22 16:37:33,-2.5333,112.95,74.77,95,43,3.6
183,Tuktoyaktuk,CA,2022-01-22 16:37:33,69.4541,-133.0374,-16.6,76,40,16.11
184,Cherskiy,RU,2022-01-22 16:37:33,68.75,161.3,-51.14,100,100,5.82
185,Wahiawa,US,2022-01-22 16:37:34,21.5028,-158.0236,69.48,85,38,5.17
186,Bambous Virieux,MU,2022-01-22 16:37:34,-20.3428,57.7575,82.22,89,40,11.5
187,Yazman,PK,2022-01-22 16:37:35,29.1212,71.7446,52.79,72,29,10.47
188,Bella Vista,US,2022-01-22 16:37:35,36.4295,-94.2316,36.05,49,0,1.01
189,Lascahobas,HT,2022-01-22 16:37:35,18.8294,-71.9364,83.84,38,0,1.52
190,Iskele,TR,2022-01-22 16:37:36,39.484,26.9278,41.02,69,40,9.22
191,Uruzgan,AF,2022-01-22 16:37:36,32.8333,66.0,30.16,59,5,4.88
192,Tessaoua,NE,2022-01-22 16:37:37,13.7574,7.9874,75.33,10,26,8.79
193,Sinnamary,GF,2022-01-22 16:37:37,5.3833,-52.95,80.53,76,90,6.17
194,Port Arthur,CN,2022-01-22 16:37:37,38.8,121.2667,25.02,80,82,15.52
195,Pandan,PH,2022-01-22 16:37:38,14.0453,124.1694,76.59,85,95,13.09
196,New Norfolk,AU,2022-01-22 16:37:38,-42.7826,147.0587,61.92,69,99,2.3
197,Harrison,US,2022-01-22 16:37:38,30.4091,-89.0436,41.02,60,0,8.7
198,Ballina,AU,2022-01-22 16:37:39,-28.8667,153.5667,71.56,83,75,10.36
199,Camopi,GF,2022-01-22 16:37:39,3.1655,-52.3158,80.83,82,87,3.94
200,Korla,CN,2022-01-22 16:37:40,41.7597,86.1469,26.06,66,74,6.42
201,Denpasar,ID,2022-01-22 16:36:54,-8.65,115.2167,82.06,83,75,9.22
202,Husavik,IS,2022-01-22 16:37:40,66.0449,-17.3389,35.51,67,95,35.54
203,Marawi,PH,2022-01-22 16:37:41,7.9986,124.2928,65.64,96,100,0.63
204,Lavrentiya,RU,2022-01-22 16:37:41,65.5833,-171.0,6.4,96,100,11.72
205,Petropavlovsk-Kamchatskiy,RU,2022-01-22 16:37:42,53.0452,158.6483,14.59,79,75,6.71
206,Ban Tak,TH,2022-01-22 16:37:42,17.0432,99.0813,69.42,78,12,4.85
207,Sisimiut,GL,2022-01-22 16:37:42,66.9395,-53.6735,6.53,94,100,13.49
208,College,US,2022-01-22 16:37:43,64.8569,-147.8028,17.29,77,75,0.0
209,Kahului,US,2022-01-22 16:37:43,20.8947,-156.47,74.84,82,20,10.36
210,Osmaniye,TR,2022-01-22 16:37:44,37.0742,36.2478,42.04,79,100,9.1
211,Olinda,BR,2022-01-22 16:37:44,-8.0089,-34.8553,85.73,62,20,9.22
212,Aklavik,CA,2022-01-22 16:37:45,68.2191,-135.0107,-4.97,77,100,12.66
213,Fangshan,CN,2022-01-22 16:37:45,39.6983,115.9925,21.06,83,25,2.55
214,Victoria,HK,2022-01-22 16:35:04,22.2855,114.1577,66.16,88,100,7.0
215,Dungarvan,IE,2022-01-22 16:37:46,52.0881,-7.6253,45.64,89,34,3.0
216,Arman,RU,2022-01-22 16:37:46,59.7,150.1667,-9.72,81,3,8.55
217,Sioux Lookout,CA,2022-01-22 16:37:46,50.1001,-91.917,-9.02,70,40,9.22
218,Pochutla,MX,2022-01-22 16:37:47,15.7432,-96.4661,83.82,42,0,5.19
219,Bethel,US,2022-01-22 16:37:47,41.3712,-73.414,28.18,59,0,5.75
220,Lubango,AO,2022-01-22 16:37:47,-14.9172,13.4925,70.29,36,90,5.39
221,Mazagao,BR,2022-01-22 16:37:48,-0.115,-51.2894,93.25,51,47,5.14
222,Iwaki,JP,2022-01-22 16:37:48,37.05,140.8833,32.02,76,89,5.37
223,Abu Samrah,SY,2022-01-22 16:37:48,35.3029,37.1841,45.19,51,20,7.34
224,Flinders,AU,2022-01-22 16:37:49,-34.5833,150.8552,68.2,87,22,5.57
225,San Isidro,PE,2022-01-22 16:37:49,-12.1167,-77.05,78.51,75,75,1.01
226,Bonthe,SL,2022-01-22 16:38:49,7.5264,-12.505,84.61,46,3,13.13
227,Ginir,ET,2022-01-22 16:38:50,7.1333,40.7,62.04,19,68,5.97
228,Apastovo,RU,2022-01-22 16:38:50,55.2029,48.5109,19.71,95,100,15.46
229,Russell,US,2022-01-22 16:38:50,32.3502,-85.1999,42.51,58,17,4.61
230,Iquique,CL,2022-01-22 16:35:32,-20.2208,-70.1431,71.64,72,53,7.7
231,Tuatapere,NZ,2022-01-22 16:38:51,-46.1333,167.6833,54.82,87,29,6.4
232,Vila Velha,BR,2022-01-22 16:36:09,-20.3297,-40.2925,84.15,80,40,3.0
233,Boende,CD,2022-01-22 16:38:51,-0.2167,20.8667,83.17,42,35,3.47
234,Namibe,AO,2022-01-22 16:38:52,-15.1961,12.1522,76.17,74,59,10.6
235,Taoudenni,ML,2022-01-22 16:38:52,22.6783,-3.9836,77.72,14,71,13.35
236,Guerrero Negro,MX,2022-01-22 16:38:53,27.9769,-114.0611,61.27,73,3,2.91
237,Poshekhonye,RU,2022-01-22 16:38:53,58.4993,39.1353,11.08,96,91,6.91
238,Pindiga,NG,2022-01-22 16:38:53,9.9833,10.9333,80.62,18,11,6.51
239,Surt,LY,2022-01-22 16:38:54,31.2089,16.5887,58.64,56,4,14.2
240,Teguldet,RU,2022-01-22 16:38:54,57.3064,88.1667,2.95,98,100,2.71
241,Valparaiso,CL,2022-01-22 16:38:54,-33.0393,-71.6273,79.03,39,0,5.75
242,Sturgeon Falls,CA,2022-01-22 16:38:55,46.3646,-79.9326,22.08,91,100,16.42
243,Peleduy,RU,2022-01-22 16:38:55,59.6289,112.7406,-9.35,100,99,3.06
244,Winnemucca,US,2022-01-22 16:38:55,40.973,-117.7357,30.11,74,0,0.0
245,Shache,CN,2022-01-22 16:38:56,38.4167,77.2406,24.71,44,100,3.53
246,Boundiali,CI,2022-01-22 16:38:56,9.5217,-6.4869,90.77,8,7,7.87
247,Saint-Francois,FR,2022-01-22 16:38:57,46.4154,3.9054,38.48,81,100,4.61
248,Narsaq,GL,2022-01-22 16:38:57,60.9167,-46.05,8.82,65,0,5.28
249,Coahuayana,MX,2022-01-22 16:38:57,18.7333,-103.6833,80.08,44,40,3.11
250,Porto Nacional,BR,2022-01-22 16:38:58,-10.7081,-48.4172,89.6,55,3,3.02
251,Isla Vista,US,2022-01-22 16:38:58,34.4133,-119.861,64.35,40,0,2.91
252,Bandipur,NP,2022-01-22 16:38:58,27.9333,84.4167,49.1,73,90,3.24
253,Ambon,ID,2022-01-22 16:38:59,-3.6954,128.1814,75.34,94,20,3.44
254,Cervo,ES,2022-01-22 16:38:59,43.6702,-7.4101,50.2,74,4,18.07
255,Kodiak,US,2022-01-22 16:39:00,57.79,-152.4072,38.71,93,100,4.61
256,Oranjemund,NA,2022-01-22 16:39:00,-28.55,16.4333,82.04,52,72,8.32
257,Mitsamiouli,KM,2022-01-22 16:39:00,-11.3847,43.2844,82.69,78,40,11.5
258,Valdez,EC,2022-01-22 16:39:01,1.2492,-78.9831,79.05,80,83,7.87
259,Hervey Bay,AU,2022-01-22 16:39:01,-25.2986,152.8535,68.11,81,33,11.54
260,Kensington,AU,2022-01-22 16:39:02,-33.9167,151.2167,68.13,88,75,1.01
261,Iskateley,RU,2022-01-22 16:39:02,67.6803,53.1512,9.32,98,100,3.67
262,Sergeyevka,KZ,2022-01-22 16:39:03,53.88,67.4158,3.83,95,100,5.08
263,Upernavik,GL,2022-01-22 16:39:03,72.7868,-56.1549,-7.17,71,96,3.36
264,Novo Aripuana,BR,2022-01-22 16:39:03,-5.1206,-60.3797,87.01,69,85,2.17
265,Hambantota,LK,2022-01-22 16:39:04,6.1241,81.1185,74.98,71,29,4.34
266,La Macarena,CO,2022-01-22 16:39:04,2.1837,-73.7849,94.82,32,41,6.67
267,Namatanai,PG,2022-01-22 16:39:04,-3.6667,152.4333,79.43,81,77,2.64
268,Los Algarrobos,PA,2022-01-22 16:39:05,8.5,-82.4333,88.45,66,20,5.75
269,Exeter,GB,2022-01-22 16:39:01,50.7236,-3.5275,45.12,79,75,5.75
270,Toccoa,US,2022-01-22 16:39:05,34.5773,-83.3324,41.83,72,75,0.0
271,Bardiyah,LY,2022-01-22 16:39:05,31.7561,25.0865,57.85,55,34,19.55
272,Goundam,ML,2022-01-22 16:39:06,16.4145,-3.6708,79.74,9,87,16.13
273,Isangel,VU,2022-01-22 16:39:06,-19.55,169.2667,79.03,85,4,1.74
274,Broome,US,2022-01-22 16:40:07,42.2506,-75.833,18.48,49,16,5.28
275,Sur,OM,2022-01-22 16:40:07,22.5667,59.5289,65.62,53,0,18.12
276,Belmopan,BZ,2022-01-22 16:40:07,17.25,-88.7667,78.3,63,44,3.83
277,Rio Gallegos,AR,2022-01-22 16:40:08,-51.6226,-69.2181,64.45,42,75,12.66
278,San Cristobal,VE,2022-01-22 16:40:08,7.7669,-72.225,73.58,35,50,4.32
279,Liberty,US,2022-01-22 16:40:09,31.8335,-81.5004,36.99,93,100,3.0
280,Babugarh,IN,2022-01-22 16:40:09,28.7167,77.85,52.32,92,100,14.03
281,Gold Coast,AU,2022-01-22 16:40:09,-28.0,153.4333,69.01,91,75,7.0
282,Solok,ID,2022-01-22 16:40:10,-0.7918,100.6593,70.93,97,94,1.03
283,Coquimbo,CL,2022-01-22 16:40:10,-29.9533,-71.3436,69.53,56,0,14.97
284,Proddatur,IN,2022-01-22 16:40:11,14.7333,78.55,76.82,36,4,4.63
285,Ukiah,US,2022-01-22 16:40:11,39.1502,-123.2078,62.49,20,0,13.8
286,Grand Gaube,MU,2022-01-22 16:40:11,-20.0064,57.6608,82.38,84,23,8.01
287,Batticaloa,LK,2022-01-22 16:40:12,7.7102,81.6924,75.13,68,54,3.0
288,Rio Grande,BR,2022-01-22 16:40:12,-32.035,-52.0986,97.95,63,24,13.31
289,Alofi,NU,2022-01-22 16:40:12,-19.0595,-169.9187,76.89,94,51,3.44
290,Henties Bay,NA,2022-01-22 16:40:13,-22.116,14.2845,74.86,81,99,6.91
291,Mehamn,NO,2022-01-22 16:40:13,71.0357,27.8492,25.48,84,100,17.74
292,Bubaque,GW,2022-01-22 16:40:14,11.2833,-15.8333,79.43,76,21,17.22
293,Rongcheng,CN,2022-01-22 16:40:14,30.634,117.8517,46.13,97,100,2.8
294,Samarai,PG,2022-01-22 16:40:14,-10.6167,150.6667,80.91,80,83,6.87
295,Umm Lajj,SA,2022-01-22 16:40:15,25.0213,37.2685,68.81,53,0,10.96
296,Rosarito,MX,2022-01-22 16:40:15,32.3333,-117.0333,62.15,34,0,8.57
297,Nishihara,JP,2022-01-22 16:40:15,26.1842,127.7558,66.25,94,100,12.66
298,Manowa,SL,2022-01-22 16:40:16,8.1667,-10.75,97.52,9,0,2.48
299,Gokul,IN,2022-01-22 16:40:16,27.45,77.7167,55.26,80,87,10.83
300,Strezhevoy,RU,2022-01-22 16:40:16,60.7333,77.5889,10.38,99,100,2.98
301,Keighley,GB,2022-01-22 16:40:17,53.8679,-1.9066,45.91,87,75,14.97
302,Podporozhye,RU,2022-01-22 16:40:17,60.9112,34.1706,-2.15,100,87,2.98
303,Micheweni,TZ,2022-01-22 16:40:18,-4.9667,39.8333,81.9,79,99,17.22
304,Takaka,NZ,2022-01-22 16:40:18,-40.85,172.8,58.96,57,4,2.75
305,Mount Gambier,AU,2022-01-22 16:40:18,-37.8333,140.7667,69.71,56,99,6.91
306,Pevek,RU,2022-01-22 16:40:19,69.7008,170.3133,-33.77,98,98,4.38
307,Immokalee,US,2022-01-22 16:40:19,26.4187,-81.4173,67.91,94,100,11.5
308,Basco,PH,2022-01-22 16:40:19,20.4487,121.9702,77.27,75,100,23.85
309,Rusape,ZW,2022-01-22 16:40:20,-18.5278,32.1284,60.6,70,22,7.54
310,Ugoofaaru,MV,2022-01-22 16:40:20,5.6667,73.0,81.41,68,100,11.43
311,Garissa,KE,2022-01-22 16:40:20,-0.4536,39.6401,85.86,32,100,6.85
312,Harnosand,SE,2022-01-22 16:40:21,62.6323,17.9379,27.0,91,96,5.75
313,Mahajanga,MG,2022-01-22 16:37:29,-15.7167,46.3167,80.62,83,40,10.36
314,Roald,NO,2022-01-22 16:40:21,62.5833,6.1333,48.34,76,20,19.57
315,Brae,GB,2022-01-22 16:40:21,60.3964,-1.353,48.11,84,96,23.69
316,Goya,AR,2022-01-22 16:40:22,-29.14,-59.2626,107.73,20,4,12.57
317,Zyryanka,RU,2022-01-22 16:40:22,65.75,150.85,-44.97,100,95,2.59
318,Deputatskiy,RU,2022-01-22 16:40:23,69.3,139.9,-12.46,91,100,4.25
319,Nola,IT,2022-01-22 16:40:23,40.922,14.5329,50.56,49,1,1.28
320,Tiarei,PF,2022-01-22 16:41:23,-17.5333,-149.3333,80.62,78,100,16.98
321,Zhangye,CN,2022-01-22 16:41:24,38.9342,100.4517,23.05,47,18,1.21
322,Hemsedal,NO,2022-01-22 16:41:24,60.8629,8.5534,39.24,89,100,7.11
323,Nichinan,JP,2022-01-22 16:41:24,31.6,131.3667,48.76,81,100,2.91
324,Omboue,GA,2022-01-22 16:41:25,-1.5746,9.2618,79.86,82,81,7.65
325,Satipo,PE,2022-01-22 16:41:25,-11.2522,-74.6386,85.12,56,91,1.61
326,Burgersdorp,ZA,2022-01-22 16:41:25,-30.9977,26.3286,76.62,25,3,20.98
327,Georgetown,MY,2022-01-22 16:38:24,5.4112,100.3354,82.89,80,20,1.99
328,Yulara,AU,2022-01-22 16:41:26,-25.2406,130.9889,80.44,57,40,4.61
329,Bonavista,CA,2022-01-22 16:41:26,48.6499,-53.1147,21.11,65,65,7.67
330,Prabumulih,ID,2022-01-22 16:41:27,-3.45,104.25,74.05,97,100,1.03
331,Catubig,PH,2022-01-22 16:41:27,12.4098,125.0548,73.62,95,51,3.94
332,Vila,PT,2022-01-22 16:41:27,42.0304,-8.1588,45.48,48,0,2.95
333,Aswan,EG,2022-01-22 16:41:28,24.0934,32.907,59.52,23,0,11.21
334,Gejiu,CN,2022-01-22 16:41:28,23.306,103.1635,40.46,89,34,2.77
335,Port Shepstone,ZA,2022-01-22 16:41:29,-30.7414,30.455,75.15,67,65,12.73
336,Gidole,ET,2022-01-22 16:41:29,5.65,37.3667,65.05,40,100,1.95
337,Nehe,CN,2022-01-22 16:41:29,48.4833,124.8333,-11.94,100,67,2.89
338,Katobu,ID,2022-01-22 16:41:30,-4.9408,122.5276,76.86,88,100,2.35
339,Muret,FR,2022-01-22 16:41:30,43.3333,1.25,40.44,75,0,1.01
340,Marienburg,PL,2022-01-22 16:41:30,54.0359,19.0266,34.12,76,99,9.93
341,Pemba,MZ,2022-01-22 16:41:31,-12.974,40.5178,81.3,78,75,6.91
342,Yar-Sale,RU,2022-01-22 16:41:31,66.8333,70.8333,9.91,96,100,4.63
343,Cumana,VE,2022-01-22 16:41:31,10.4635,-64.1775,82.49,66,75,18.28
344,Gat,IL,2022-01-22 16:38:01,31.61,34.7642,56.08,6,33,6.2
345,Mangrol,IN,2022-01-22 16:41:32,21.1167,70.1167,67.28,54,0,18.39
346,Mantua,IT,2022-01-22 16:41:32,45.1667,10.7833,43.83,86,2,3.0
347,Sept-Iles,CA,2022-01-22 16:41:33,50.2001,-66.3821,5.52,66,20,3.44
348,Nakusp,CA,2022-01-22 16:41:33,50.2499,-117.8023,30.54,100,99,0.0
349,Windhoek,NA,2022-01-22 16:36:36,-22.5594,17.0832,82.89,25,40,12.66
350,Moerai,PF,2022-01-22 16:41:34,-22.4333,-151.3333,77.7,78,100,20.29
351,San Vicente,AR,2022-01-22 16:41:34,-26.6167,-54.1333,94.41,30,32,6.15
352,Amarante Do Maranhao,BR,2022-01-22 16:41:34,-5.5667,-46.7422,88.16,53,10,5.28
353,Killarney,IE,2022-01-22 16:41:35,52.05,-9.5167,45.25,74,81,3.96
354,Boyolangu,ID,2022-01-22 16:41:35,-8.1181,111.8935,75.63,91,100,1.9
355,Pathein,MM,2022-01-22 16:41:35,16.7833,94.7333,65.21,73,5,5.46
356,Tiksi,RU,2022-01-22 16:41:36,71.6872,128.8694,-3.69,91,100,10.56
357,Alexander City,US,2022-01-22 16:41:36,32.944,-85.9539,40.41,65,40,4.61
358,Qaqortoq,GL,2022-01-22 16:41:37,60.7167,-46.0333,9.1,70,3,6.46
359,Barillas,GT,2022-01-22 16:41:37,15.8036,-91.3158,68.34,84,83,3.11
360,Azare,NG,2022-01-22 16:41:37,11.6765,10.1948,77.27,16,9,8.72
361,Batemans Bay,AU,2022-01-22 16:41:38,-35.7167,150.1833,63.91,85,75,4.34
362,Berlevag,NO,2022-01-22 16:41:38,70.8578,29.0864,24.71,87,100,28.57
363,Pitimbu,BR,2022-01-22 16:41:38,-7.4706,-34.8086,88.39,57,4,10.11
364,Praia,CV,2022-01-22 16:41:39,14.9215,-23.5087,77.54,65,75,17.27
365,Balykshi,KZ,2022-01-22 16:41:39,47.0667,51.8667,15.8,86,30,13.42
366,Bajil,YE,2022-01-22 16:41:39,15.0584,43.2851,80.02,55,79,5.17
367,Caranavi,BO,2022-01-22 16:41:40,-15.8167,-67.55,75.02,76,50,3.18
368,Shimoda,JP,2022-01-22 16:42:40,34.6667,138.95,38.1,68,8,2.19
369,Nicoya,CR,2022-01-22 16:42:41,10.1483,-85.452,87.35,42,1,11.9
370,Luderitz,NA,2022-01-22 16:42:41,-26.6481,15.1594,77.25,65,98,6.44
371,Dwarka,IN,2022-01-22 16:39:17,22.2394,68.9678,66.11,52,0,21.18
372,Saint-Pierre,RE,2022-01-22 16:42:42,-21.3393,55.4781,83.88,79,20,6.91
373,Mykolayivka,UA,2022-01-22 16:42:42,47.5414,30.7561,26.62,81,84,6.71
374,Constitucion,CL,2022-01-22 16:42:43,-35.3333,-72.4167,66.99,63,3,8.88
375,Auki,SB,2022-01-22 16:42:43,-8.7676,160.7034,78.89,85,44,5.53
376,Sonoita,MX,2022-01-22 16:42:43,31.85,-112.8333,58.24,34,93,6.22
377,Yakeshi,CN,2022-01-22 16:42:44,49.2833,120.7333,-14.24,100,100,2.53
378,Fujin,CN,2022-01-22 16:42:44,47.26,132.0322,-18.67,100,32,4.25
379,Cap-Aux-Meules,CA,2022-01-22 16:42:45,47.3821,-61.8597,21.25,68,100,6.91
380,Broken Hill,AU,2022-01-22 16:42:45,-31.95,141.4333,76.71,61,100,3.44
381,Tual,ID,2022-01-22 16:42:46,-5.6667,132.75,83.07,74,92,16.6
382,Maloy,NO,2022-01-22 16:42:46,61.9353,5.1136,46.81,92,100,13.0
383,Abnub,EG,2022-01-22 16:42:46,27.2696,31.1511,53.6,40,0,7.87
384,Andilamena,MG,2022-01-22 16:42:47,-17.0167,48.5833,65.37,98,100,1.97
385,Praia Da Vitoria,PT,2022-01-22 16:42:47,38.7333,-27.0667,62.85,77,40,8.61
386,Sechura,PE,2022-01-22 16:42:48,-5.5569,-80.8222,80.94,57,18,10.0
387,Atmakur,IN,2022-01-22 16:42:48,15.8833,78.5833,74.35,42,5,6.62
388,Richards Bay,ZA,2022-01-22 16:42:49,-28.783,32.0377,72.7,73,37,8.1
389,Aitape,PG,2022-01-22 16:42:49,-3.1374,142.3475,77.67,88,92,4.34
390,Turtas,RU,2022-01-22 16:42:49,58.9417,69.1325,3.83,99,81,3.65
391,Mariental,NA,2022-01-22 16:42:50,-24.6333,17.9667,90.34,19,89,13.71
392,Baykit,RU,2022-01-22 16:42:50,61.67,96.37,-2.31,100,100,0.87
393,Slave Lake,CA,2022-01-22 16:41:00,55.2834,-114.769,26.58,93,100,6.91
394,Birao,CF,2022-01-22 16:42:51,10.2849,22.7882,77.9,15,72,5.97
395,Castro,BR,2022-01-22 16:42:51,-24.7911,-50.0119,82.51,56,9,3.49
396,Buraydah,SA,2022-01-22 16:42:51,26.326,43.975,55.85,24,0,8.63
397,Ferrol,ES,2022-01-22 16:42:52,43.4832,-8.2369,55.65,67,1,6.53
398,Oum Hadjer,TD,2022-01-22 16:42:52,13.2954,19.6966,81.36,13,2,7.99
399,Vardo,NO,2022-01-22 16:42:52,70.3705,31.1107,26.47,84,100,35.88
400,Sao Pedro Do Sul,BR,2022-01-22 16:42:53,-29.6206,-54.1789,99.25,21,26,8.46
401,Dali,CN,2022-01-22 16:42:53,25.7,100.1833,37.89,82,23,5.46
402,Bom Jardim,BR,2022-01-22 16:42:53,-7.7958,-35.5872,91.74,29,1,10.65
403,Baghdad,IQ,2022-01-22 16:42:54,33.3406,44.4009,46.31,49,0,4.61
404,Alyangula,AU,2022-01-22 16:42:54,-13.8483,136.4192,78.67,100,93,2.3
405,Belmonte,BR,2022-01-22 16:42:54,-15.8631,-38.8828,84.7,69,14,8.1
406,Puerto Madryn,AR,2022-01-22 16:38:47,-42.7692,-65.0385,86.02,19,44,22.12
407,Barra Do Garcas,BR,2022-01-22 16:42:55,-15.89,-52.2567,90.99,48,2,4.9
408,Chulman,RU,2022-01-22 16:42:55,56.8479,124.9104,-20.27,100,100,1.01
409,Nyurba,RU,2022-01-22 16:42:56,63.2842,118.3319,-10.28,99,35,5.99
410,Rock Hill,US,2022-01-22 16:42:56,34.9249,-81.0251,32.95,51,0,11.5
411,Nanhai,CN,2022-01-22 16:42:57,30.1282,111.7784,37.22,82,100,12.19
412,Kaniv,UA,2022-01-22 16:42:57,49.7518,31.46,22.44,94,91,6.22
413,Tarko-Sale,RU,2022-01-22 16:43:58,64.9225,77.785,5.41,94,88,11.48
414,Estelle,US,2022-01-22 16:43:58,29.8458,-90.1067,41.0,66,0,8.99
415,Riyadh,SA,2022-01-22 16:42:47,24.6877,46.7219,53.74,20,0,6.44
416,Srednekolymsk,RU,2022-01-22 16:43:59,67.45,153.6833,-44.12,99,98,5.59
417,Ancud,CL,2022-01-22 16:43:59,-41.8697,-73.8203,56.73,62,97,15.32
418,La Tuque,CA,2022-01-22 16:43:59,47.4334,-72.7824,-10.95,70,71,2.3
419,Sibolga,ID,2022-01-22 16:44:00,1.7427,98.7792,76.01,89,93,4.12
420,Laguna,US,2022-01-22 16:44:00,38.421,-121.4238,58.84,53,0,3.0
421,Maniitsoq,GL,2022-01-22 16:44:01,65.4167,-52.9,8.49,92,100,12.35
422,Centralia,US,2022-01-22 16:44:01,46.7162,-122.9543,41.05,85,100,9.22
423,Paamiut,GL,2022-01-22 16:44:01,61.994,-49.6678,5.45,75,13,7.99
424,Bibiani,GH,2022-01-22 16:44:02,6.4635,-2.3194,94.35,15,1,4.25
425,Policka,CZ,2022-01-22 16:44:02,49.7146,16.2654,28.22,96,25,4.92
426,Hidalgo,MX,2022-01-22 16:41:10,20.5,-99.0,56.75,65,53,6.24
427,Tete,MZ,2022-01-22 16:44:03,-16.1564,33.5867,87.89,45,75,9.22
428,Itarema,BR,2022-01-22 16:44:03,-2.9248,-39.9167,87.19,58,47,14.2
429,Port Moresby,PG,2022-01-22 16:41:48,-9.4431,147.1797,74.62,94,75,5.75
430,Plettenberg Bay,ZA,2022-01-22 16:44:04,-34.0527,23.3716,76.21,72,71,13.89
431,Khani,GE,2022-01-22 16:44:04,41.9563,42.9566,35.17,76,100,8.23
432,Matara,LK,2022-01-22 16:44:04,5.9485,80.5353,73.58,81,32,3.53
433,Grafton,US,2022-01-22 16:40:26,42.207,-71.6856,24.15,52,0,1.99
434,Fengzhen,CN,2022-01-22 16:44:05,40.4394,113.1536,20.75,86,8,1.59
435,Hofn,IS,2022-01-22 16:44:05,64.2539,-15.2082,38.86,80,75,28.66
436,Martapura,ID,2022-01-22 16:44:06,-3.4167,114.85,77.09,94,40,3.44
437,Hamilton,US,2022-01-22 16:43:44,39.1834,-84.5333,27.64,63,0,1.01
438,Asau,RO,2022-01-22 16:44:06,46.4333,26.4,30.4,52,99,4.14
439,Noumea,NC,2022-01-22 16:44:07,-22.2763,166.4572,80.01,99,27,3.22
440,Majene,ID,2022-01-22 16:44:07,-3.5403,118.9707,77.54,82,95,3.89
441,Murighiol,RO,2022-01-22 16:44:07,45.0333,29.1667,27.45,48,5,4.99
442,Bosaso,SO,2022-01-22 16:44:08,11.2842,49.1816,76.69,77,56,12.39
443,Reconquista,AR,2022-01-22 16:40:12,-29.15,-59.65,107.8,20,5,16.31
444,Anadyr,RU,2022-01-22 16:44:08,64.75,177.4833,-5.01,76,40,5.99
445,Ozernovskiy,RU,2022-01-22 16:44:09,51.5,156.5167,23.45,88,100,3.56
446,Sao Jose Da Coroa Grande,BR,2022-01-22 16:44:09,-8.8978,-35.1478,85.21,57,16,8.93
447,Carutapera,BR,2022-01-22 16:44:10,-1.195,-46.02,85.6,63,18,7.25
448,Senj,HR,2022-01-22 16:44:10,44.9894,14.9058,42.73,84,16,7.09
449,Ojinaga,MX,2022-01-22 16:44:11,29.5667,-104.4167,49.57,46,0,16.11
450,Port-Gentil,GA,2022-01-22 16:44:11,-0.7193,8.7815,82.36,78,75,13.8
451,Tezu,IN,2022-01-22 16:44:11,27.9167,96.1667,56.39,69,97,2.93
452,Cabedelo,BR,2022-01-22 16:44:12,-6.9811,-34.8339,88.47,56,18,10.09
453,Port Keats,AU,2022-01-22 16:44:12,-14.25,129.55,80.46,86,100,8.01
454,Chumikan,RU,2022-01-22 16:44:12,54.7183,135.315,-3.71,85,89,19.69
455,Manitowoc,US,2022-01-22 16:44:13,44.0667,-87.8001,24.42,79,100,7.0
456,Ashington,GB,2022-01-22 16:44:13,50.9331,-0.3909,42.93,82,75,5.75
457,Ahuimanu,US,2022-01-22 16:44:14,21.4447,-157.8378,73.45,88,20,1.01
458,Angoram,PG,2022-01-22 16:44:14,-4.0625,144.0661,72.52,99,80,1.43
459,Raga,SS,2022-01-22 16:45:14,8.4596,25.678,75.83,20,27,3.83
460,Nedryhayliv,UA,2022-01-22 16:45:15,50.834,33.8763,11.19,99,89,4.81
461,Margate,GB,2022-01-22 16:45:15,51.3813,1.3862,43.7,83,2,1.99
462,Komsomolskiy,UZ,2022-01-22 16:45:17,40.4272,71.7189,36.82,75,75,13.8
463,Touros,BR,2022-01-22 16:45:17,-5.1989,-35.4608,88.7,50,7,13.0
464,Adiake,CI,2022-01-22 16:45:18,5.2863,-3.304,85.59,52,6,11.18
465,Vila Franca Do Campo,PT,2022-01-22 16:45:18,37.7167,-25.4333,64.2,70,69,8.03
466,Kingori,TZ,2022-01-22 16:45:19,-3.2833,36.9833,79.18,47,75,13.8
467,Thai Binh,VN,2022-01-22 16:45:19,20.45,106.3333,68.0,94,70,2.84
468,Labuan,MY,2022-01-22 16:45:19,5.2767,115.2417,79.16,94,20,0.0
469,Meulaboh,ID,2022-01-22 16:45:20,4.1363,96.1285,77.61,85,15,3.49
470,Santiago Del Estero,AR,2022-01-22 16:45:20,-27.7951,-64.2615,102.74,27,5,17.52
471,Bhander,IN,2022-01-22 16:45:20,25.7333,78.75,59.56,74,75,3.06
472,Dabakala,CI,2022-01-22 16:45:21,8.3667,-4.4333,94.17,10,28,5.64
473,Malumfashi,NG,2022-01-22 16:45:21,11.7853,7.6218,75.99,15,6,9.01
474,Lethem,GY,2022-01-22 16:45:22,3.3803,-59.7968,91.83,42,89,11.63
475,Lodwar,KE,2022-01-22 16:45:22,3.1191,35.5973,85.86,27,100,9.44
476,Wanning,CN,2022-01-22 16:45:22,18.8003,110.3967,70.83,94,79,1.99
477,Balkhash,KZ,2022-01-22 16:45:23,46.844,74.9804,8.78,82,100,8.81
478,Sukhumi,GE,2022-01-22 16:45:23,43.0033,41.0153,44.85,80,100,5.88
479,Kilindoni,TZ,2022-01-22 16:45:24,-7.9139,39.6668,80.85,81,100,11.95
480,Xichang,CN,2022-01-22 16:45:24,27.8964,102.2634,42.49,72,45,1.34
481,Port Blair,IN,2022-01-22 16:45:24,11.6667,92.75,75.24,88,20,2.3
482,Erzurum,TR,2022-01-22 16:45:25,40.0,41.5,10.08,80,99,5.73
483,Xai-Xai,MZ,2022-01-22 16:45:25,-25.0519,33.6442,75.24,71,71,17.18
484,Fare,PF,2022-01-22 16:45:26,-16.7,-151.0167,80.87,77,94,17.2
485,Kirkenaer,NO,2022-01-22 16:45:26,60.4564,12.0582,25.45,98,84,0.92
486,Kampene,CD,2022-01-22 16:45:27,-3.6,26.6667,68.83,97,98,1.01
487,Morant Bay,JM,2022-01-22 16:45:27,17.8815,-76.4093,83.82,75,22,10.09
488,Kenitra,MA,2022-01-22 16:45:28,34.261,-6.5802,73.72,54,32,11.39
489,Ende,ID,2022-01-22 16:45:28,-8.8432,121.6623,77.88,88,36,3.53
490,High Level,CA,2022-01-22 16:45:29,58.5169,-117.136,-0.29,85,100,9.22
491,Winslow,US,2022-01-22 16:45:29,35.0242,-110.6974,34.97,80,75,3.44
492,Chapaevsk,RU,2022-01-22 16:45:30,52.9813,49.7112,20.41,91,100,17.07
493,Linhares,BR,2022-01-22 16:45:30,-19.3911,-40.0722,83.61,63,66,8.43
494,Naze,JP,2022-01-22 16:45:30,28.3667,129.4833,61.48,70,100,19.19
495,Muros,ES,2022-01-22 16:45:31,42.7762,-9.0603,55.9,51,0,3.8
496,Tarakan,ID,2022-01-22 16:45:31,3.3,117.6333,79.65,80,25,6.31
497,Kaupanger,NO,2022-01-22 16:45:32,61.1845,7.2404,38.1,99,100,3.13
498,Shambu,ET,2022-01-22 16:45:32,9.5667,37.1,58.57,35,96,0.74
499,Mahanoro,MG,2022-01-22 16:45:32,-19.9,48.8,78.39,92,100,10.22
500,Gigmoto,PH,2022-01-22 16:45:33,13.7796,124.39,77.11,86,72,12.08
501,Coihaique,CL,2022-01-22 16:43:00,-45.5752,-72.0662,65.01,63,100,6.91
502,Kyra,RU,2022-01-22 16:45:34,49.5776,111.9753,2.95,97,99,1.07
503,Ahipara,NZ,2022-01-22 16:46:35,-35.1667,173.1667,59.31,90,43,5.46
504,Kuito,AO,2022-01-22 16:46:35,-12.3833,16.9333,67.86,64,100,1.57
505,Binga,ZW,2022-01-22 16:46:35,-17.6203,27.3414,74.03,66,11,5.12
506,Mishan,CN,2022-01-22 16:46:36,45.55,131.8833,-12.75,99,29,2.75
507,Aransas Pass,US,2022-01-22 16:46:36,27.9095,-97.15,49.01,70,0,14.0
508,Palaikastron,GR,2022-01-22 16:46:36,35.2,26.25,52.75,82,97,21.77
509,Le Mans,FR,2022-01-22 16:46:37,48.0,0.2,47.82,72,100,5.75
510,Ovsyanka,RU,2022-01-22 16:46:37,55.9575,92.5519,0.57,100,91,3.53
511,Samur,RU,2022-01-22 16:46:38,41.8253,48.486,38.66,63,54,6.11
512,Kungurtug,RU,2022-01-22 16:46:38,50.5994,97.5228,7.23,98,100,2.15
513,Hami,CN,2022-01-22 16:46:38,42.8,93.45,26.01,51,2,4.76
514,Mikumi,TZ,2022-01-22 16:46:39,-7.4041,36.9831,72.12,93,96,1.21
515,Mareeba,AU,2022-01-22 16:46:39,-17.0,145.4333,74.12,92,82,2.15
516,Chifeng,CN,2022-01-22 16:46:40,42.2683,118.9636,12.78,68,33,1.16
517,Tautira,PF,2022-01-22 16:46:40,-17.7333,-149.15,80.62,78,100,18.57
518,Mayo,US,2022-01-22 16:46:41,38.8876,-76.5119,30.18,52,0,4.0
519,Santa Isabel Do Rio Negro,BR,2022-01-22 16:46:41,-0.4139,-65.0192,81.64,89,78,3.0
520,Tra Vinh,VN,2022-01-22 16:46:41,9.9347,106.3453,73.09,90,82,4.14
521,Boquira,BR,2022-01-22 16:46:42,-12.8231,-42.7306,86.45,44,14,4.47
522,Senador Jose Porfirio,BR,2022-01-22 16:46:43,-2.5908,-51.9542,83.79,71,53,3.67
523,Tevriz,RU,2022-01-22 16:46:43,57.509,72.4042,-4.5,99,30,3.24
524,Haian,CN,2022-01-22 16:46:43,32.5436,120.45,46.98,98,100,10.09
525,Thaba-Tseka,LS,2022-01-22 16:46:44,-29.522,28.6084,59.34,49,0,9.91
526,Tigil,RU,2022-01-22 16:46:44,57.8,158.6667,-18.2,100,99,3.22
527,Melfi,IT,2022-01-22 16:46:45,40.9965,15.6514,38.5,61,4,4.99
528,Varsag,RO,2022-01-22 16:46:45,46.5167,25.35,19.06,98,100,3.33
529,Severo-Yeniseyskiy,RU,2022-01-22 16:46:45,60.3725,93.0408,-4.11,100,99,2.73
530,Barreirinhas,BR,2022-01-22 16:46:46,-2.7469,-42.8264,84.74,70,59,7.18
531,Erenhot,CN,2022-01-22 16:46:46,43.6475,111.9767,8.06,83,14,9.01
532,Shahrud,IR,2022-01-22 16:46:46,36.4182,54.9763,25.95,48,0,2.71
533,Lorengau,PG,2022-01-22 16:46:47,-2.0226,147.2712,81.32,75,99,3.49
534,Takestan,IR,2022-01-22 16:46:48,36.0696,49.6959,28.53,44,1,1.68
535,Roseburg,US,2022-01-22 16:43:56,43.2165,-123.3417,43.5,85,100,0.0
536,Biak,ID,2022-01-22 16:46:48,-0.9131,122.8766,75.34,86,67,3.47
537,Kaeo,NZ,2022-01-22 16:46:48,-35.1,173.7833,57.33,93,47,6.08
538,Saint Anthony,US,2022-01-22 16:46:49,45.0205,-93.218,10.74,62,0,5.01
539,Beidao,CN,2022-01-22 16:46:49,34.5686,105.8933,34.5,78,100,2.84
540,Saint-Leu,RE,2022-01-22 16:46:50,-21.15,55.2833,83.26,83,22,5.99
541,Batagay,RU,2022-01-22 16:46:50,67.6333,134.6333,-19.05,89,100,3.85
542,Rogozno,PL,2022-01-22 16:46:50,52.7523,16.9905,30.97,86,58,7.43
543,Ust-Karsk,RU,2022-01-22 16:46:51,52.7011,118.8077,-13.77,100,95,1.54
544,Seoul,KR,2022-01-22 16:43:06,37.5683,126.9778,33.24,57,0,2.3
545,Moron,AR,2022-01-22 16:46:51,-34.6534,-58.6198,83.97,80,100,12.66
546,Bazarnyye Mataki,RU,2022-01-22 16:46:52,54.8833,49.9333,21.81,94,100,16.71
547,Vaitape,PF,2022-01-22 16:46:52,-16.5167,-151.75,80.2,78,100,14.97
548,Merauke,ID,2022-01-22 16:46:52,-8.4667,140.3333,76.8,94,100,8.61
549,Mbanza-Ngungu,CD,2022-01-22 16:46:53,-5.25,14.8667,73.35,87,72,3.27
550,Baguanos,CU,2022-01-22 16:46:53,20.7517,-76.0269,82.69,47,1,7.23
551,Chama,CH,2022-01-22 16:46:53,47.1821,8.4636,37.56,70,100,0.0
552,Kimbe,PG,2022-01-22 16:47:54,-5.5502,150.1429,75.99,93,82,1.92
553,Kaili,ID,2022-01-22 16:47:54,-3.4626,120.2147,66.63,89,81,3.8
554,Leshukonskoye,RU,2022-01-22 16:47:55,64.8989,45.7622,-0.72,98,50,4.14
555,Virginia Beach,US,2022-01-22 16:47:55,36.8529,-75.978,33.84,91,100,4.0
556,Manta,EC,2022-01-22 16:47:55,-0.95,-80.7333,80.38,78,75,5.75
557,Piquete,BR,2022-01-22 16:47:56,-22.6136,-45.1761,91.85,69,33,0.85
558,Ossora,RU,2022-01-22 16:47:56,59.2353,163.0719,-11.06,87,10,3.74
559,Burns Lake,CA,2022-01-22 16:47:56,54.2331,-125.7533,9.82,99,100,3.15
560,Douglas,US,2022-01-22 16:47:57,41.3,-96.167,33.98,64,0,1.99
561,Mapastepec,MX,2022-01-22 16:47:57,15.4333,-92.9,89.49,38,0,3.13
562,Morondava,MG,2022-01-22 16:47:58,-20.2833,44.2833,83.14,76,100,9.93
563,Redlands,US,2022-01-22 16:45:05,34.0556,-117.1825,61.02,28,0,18.41
564,Pacific Grove,US,2022-01-22 16:47:58,36.6177,-121.9166,59.09,44,0,8.01
565,Sabang,ID,2022-01-22 16:47:59,5.8933,95.3214,81.82,72,12,6.98
566,Palmeira,BR,2022-01-22 16:47:59,-25.4294,-50.0064,85.62,47,2,1.7
567,Sorland,NO,2022-01-22 16:47:59,67.667,12.6934,42.51,91,100,40.49
568,Brigantine,US,2022-01-22 16:48:00,39.4101,-74.3646,32.05,61,0,8.05
569,Uyemskiy,RU,2022-01-22 16:48:00,64.4743,40.8524,17.65,86,100,6.71
